agent,model,omega,beta,ll,group,ntrials,exp,prolificID
628d78a2ccf4a41f24c2d2d8,map,0.48148399535566566,4.998209550976753,51.79531566548388,combined,460,FullPilot14,628d78a2ccf4a41f24c2d2d8
63ae2788c3e5ec6d1cfcad16,map,0.000198513269424494,0.15382051467895508,99.6472642030761,random,460,FullPilot14,63ae2788c3e5ec6d1cfcad16
67579b182f3a6e41fb761791,map,0.5796376577112824,4.054076597094536,54.881830988692904,combined,460,FullPilot14,67579b182f3a6e41fb761791
67594446e891cd9a76235f36,map,0.99998779296875,3.299560546875,43.28864428610983,perceptual,460,FullPilot14,67594446e891cd9a76235f36
66978d2616be96682f9f87ed,map,0.6720019035041332,4.585275053977966,45.671576278259515,perceptual,460,FullPilot14,66978d2616be96682f9f87ed
6759a46833a61fefe76b05ba,map,0.3165283203125,0.0,99.81319397183192,random,460,FullPilot14,6759a46833a61fefe76b05ba
66b0c677fd6d5746c4c5fd36,map,0.7873592674732208,1.3968932628631592,81.17703719494729,perceptual,460,FullPilot14,66b0c677fd6d5746c4c5fd36
57d810f1813eb30001825b65,map,0.5453122466802597,3.162686824798584,64.81351018216294,combined,460,FullPilot14,57d810f1813eb30001825b65
6746499fde684b081912c056,map,0.9999999970197677,1.2576663494110107,75.80003800792879,perceptual,460,FullPilot14,6746499fde684b081912c056
651b075a8bfaebfd2f74e195,map,0.9777464654995128,3.2042241271119565,48.193000005118414,perceptual,460,FullPilot14,651b075a8bfaebfd2f74e195
5f3227893ca51916b4ff6d9d,map,0.3597475588321686,2.5210726261138916,73.91864135777271,combined,460,FullPilot14,5f3227893ca51916b4ff6d9d
66569098a6bf70f056e8f1d0,map,0.269561767578125,2.99713134765625,72.70711815281895,value,460,FullPilot14,66569098a6bf70f056e8f1d0
6759bab1432aedd5f3c18487,map,0.41687941551208496,7.164440155029297,43.53508828702034,combined,459,FullPilot14,6759bab1432aedd5f3c18487
5f173b90cea174080152310b,map,0.9102484467875911,3.446661669295281,44.98580083565709,perceptual,460,FullPilot14,5f173b90cea174080152310b
6751826af853585828786233,map,0.5211645654781023,4.160388343734667,54.95414447860527,combined,460,FullPilot14,6751826af853585828786233
645d518949b0639658176654,map,0.65523681640625,0.869140625,93.93823322150715,combined,460,FullPilot14,645d518949b0639658176654
662942b6455e11154cbb3ce0,map,0.9778864078100014,6.1842077257460915,25.06418017212822,perceptual,460,FullPilot14,662942b6455e11154cbb3ce0
65c69497ab503bf918ddd5b7,map,0.6973345160484314,4.488104581832886,45.22520586887366,perceptual,460,FullPilot14,65c69497ab503bf918ddd5b7
5de7d12c26dd95000b6824c5,map,0.4027435302734375,7.769775390625,38.51356467940938,combined,460,FullPilot14,5de7d12c26dd95000b6824c5
671f8f783bd4d777e17c36e6,map,0.8812221527099608,1.99462890625,67.77656246232628,perceptual,460,FullPilot14,671f8f783bd4d777e17c36e6
66a557d079b15419fd0f9255,map,0.6360069446091074,3.2095957792625995,57.567750716835555,combined,460,FullPilot14,66a557d079b15419fd0f9255
671432260f5b80d8188b2fe1,map,0.9547270209179259,6.104181595146656,27.535396656934637,perceptual,460,FullPilot14,671432260f5b80d8188b2fe1
664446cda39cd17787c271da,map,0.8597250419802094,4.507474088804884,37.4234843741217,perceptual,460,FullPilot14,664446cda39cd17787c271da
6728e9f22f76d709508acf02,map,0.9381446897983551,3.962618112564087,39.19393179017276,perceptual,458,FullPilot14,6728e9f22f76d709508acf02
675edf24452fd3015aaee4dc,map,0.6503170013427735,3.3866119384765625,58.01182103330638,combined,460,FullPilot14,675edf24452fd3015aaee4dc
66885d217777eda6f3a9b8dd,map,0.34268951416015625,5.23651123046875,52.75703738983507,combined,460,FullPilot14,66885d217777eda6f3a9b8dd
675bead4e4f525677a43a27a,map,0.6087281703948975,1.8842372298240662,80.48711416666191,combined,460,FullPilot14,675bead4e4f525677a43a27a
5ddb5ed4a64380abb2907440,map,0.5390519976615906,4.574393033981323,52.01871663749351,combined,460,FullPilot14,5ddb5ed4a64380abb2907440
67603ec6f369599a362eecb9,map,0.506397880143777,6.44300774903968,41.35146798738635,combined,460,FullPilot14,67603ec6f369599a362eecb9
62b9e995fd8c321a2f65a6cd,map,0.59481201171875,3.468017578125,59.00043521722607,combined,460,FullPilot14,62b9e995fd8c321a2f65a6cd
65cbb41e2614de61e770c67c,map,0.8801019859762164,3.9557933574542403,43.20788045096511,perceptual,460,FullPilot14,65cbb41e2614de61e770c67c
60165591d472ae0b5c202703,map,0.9859805879648774,2.8164269030094147,53.0289228193922,perceptual,460,FullPilot14,60165591d472ae0b5c202703
5d23ac815173fe001528bcd6,map,0.33663330078125,0.0,99.81319397183192,random,460,FullPilot14,5d23ac815173fe001528bcd6
675967674f07f1afe5626a04,map,0.9118681006133555,1.3368797302246094,76.25700794174341,perceptual,453,FullPilot14,675967674f07f1afe5626a04
673efaa7caf0942718ac1631,map,0.34520263671875,0.0,99.81319397183192,random,460,FullPilot14,673efaa7caf0942718ac1631
6165af4b36cb3bae91f2e355,map,0.2790996628114954,8.530404255725443,36.49994419572847,value,460,FullPilot14,6165af4b36cb3bae91f2e355
675efe6044b2f5bde425ceac,map,0.9244276306591928,2.754425723105669,53.77440185258818,perceptual,460,FullPilot14,675efe6044b2f5bde425ceac
5fe17e28d8918b3fae67ec4d,map,0.8162757873535156,2.786865234375,58.701610060025764,perceptual,460,FullPilot14,5fe17e28d8918b3fae67ec4d
673487045133bc17c8100d16,map,0.583264691196382,3.458608016371727,60.404556034872414,combined,460,FullPilot14,673487045133bc17c8100d16
675da16368f40dd379799754,map,0.32366943359375,0.0,99.81319397183192,random,460,FullPilot14,675da16368f40dd379799754
675b1e5ccc5e27bebe6ea4cb,map,0.13721084594726568,2.09869384765625,79.41610408885704,value,458,FullPilot14,675b1e5ccc5e27bebe6ea4cb
6752385b8b997da454e1b2b4,map,0.9100239545106887,4.430192708969116,37.652399166106186,perceptual,460,FullPilot14,6752385b8b997da454e1b2b4
6648c0d4fa3b00043396163e,map,0.9012770051740517,4.210448026424274,38.482153563282594,perceptual,460,FullPilot14,6648c0d4fa3b00043396163e
671813a64cc728d09ef7499d,map,0.5039300870877923,0.10952228331007063,99.72407943305164,random,460,FullPilot14,671813a64cc728d09ef7499d
675d2f5d0cc936cb053e09eb,map,5.340576171908307e-06,0.52398681640625,96.57114330734886,random,458,FullPilot14,675d2f5d0cc936cb053e09eb
6707ab0e3c5ee9540950263a,map,8.344650270775134e-08,1.4081573486328125,84.5389792081143,value,460,FullPilot14,6707ab0e3c5ee9540950263a
675708ab3fe4f014cb8f3100,map,0.404923589527607,3.7564040534198284,59.199132516437956,combined,460,FullPilot14,675708ab3fe4f014cb8f3100
6669b17afde17ee81cebd908,map,0.6603729248046875,2.85888671875,63.80166859173844,perceptual,460,FullPilot14,6669b17afde17ee81cebd908
63c3164c08ff110d63b44dc6,map,0.19261327195854394,4.7573196270968765,39.40119357816218,value,460,FullPilot14,63c3164c08ff110d63b44dc6
673cc81c2536e8c40857dc33,map,0.9825173687189817,2.7336686989292502,50.45723777524317,perceptual,460,FullPilot14,673cc81c2536e8c40857dc33
675dd4aed41b2116f978a0a1,map,0.9999999970197677,4.227660894393921,36.70764556750532,perceptual,460,FullPilot14,675dd4aed41b2116f978a0a1
675eedc3e29d31f79d612346,map,1.3038516377683607e-09,0.3035728633403778,98.52473369103541,random,459,FullPilot14,675eedc3e29d31f79d612346
6718b9bc107831749fa97950,map,0.9999999999534338,2.590327002108097,53.43869995254525,perceptual,460,FullPilot14,6718b9bc107831749fa97950
675d7c82a4e3245aa7687d52,map,0.9999999999796273,0.5229279899504036,97.64420765158462,random,460,FullPilot14,675d7c82a4e3245aa7687d52
63e40d7b1a88578e3c993478,map,0.572754168510437,4.969487190246582,47.81384575408985,combined,460,FullPilot14,63e40d7b1a88578e3c993478
677a58735c4ac72aaffc95a7,map,0.47626752629876135,0.4121538996696472,98.67430140804846,random,460,FullPilot14,677a58735c4ac72aaffc95a7
5c989ea4c7f75b0001677fa8,map,0.7306296483042387,3.879483800701564,49.59786773138853,perceptual,460,FullPilot14,5c989ea4c7f75b0001677fa8
67143d69d010fd19ac3a1e06,map,0.8767466898891143,5.978239746764302,29.612474300760255,perceptual,460,FullPilot14,67143d69d010fd19ac3a1e06
677b177da6c75e1c1a0d8c5f,map,0.35212402343750004,0.0,99.81319397183192,random,460,FullPilot14,677b177da6c75e1c1a0d8c5f
66c6952ac1f2b09e6c930cf8,map,0.9068996309266367,6.175784310908057,27.109672048218208,perceptual,460,FullPilot14,66c6952ac1f2b09e6c930cf8
6743a27eda56d91031757fdc,map,0.5522757172584534,4.149212837219238,54.47896540892455,combined,460,FullPilot14,6743a27eda56d91031757fdc
6751e21bab5bb259997e4c67,map,0.981479836627841,12.156069725751877,12.063525590777786,perceptual,460,FullPilot14,6751e21bab5bb259997e4c67
67628f7b4f57e91918c49e72,map,0.999994659423828,1.8701171875,63.88502994304158,perceptual,460,FullPilot14,67628f7b4f57e91918c49e72
67055efcc9d6595c24d60bb5,map,0.4099957473576069,7.427280843257904,38.13446484248153,combined,460,FullPilot14,67055efcc9d6595c24d60bb5
6745171138a79bddfee4e965,map,0.778009033203125,4.676513671875,41.88505899680123,perceptual,460,FullPilot14,6745171138a79bddfee4e965
58f4d676c8b7eb0001879416,map,0.995990009047091,3.463258296251297,39.237589018916616,perceptual,460,FullPilot12_2,58f4d676c8b7eb0001879416
63d71e67dd0fcccd3cc745b0,map,0.8964691162109375,3.4735870361328125,50.70338151172188,perceptual,460,FullPilot12_2,63d71e67dd0fcccd3cc745b0
6711e09a6906af2fa5b782bd,map,0.999259090423584,1.1068344116210938,86.14333363499202,perceptual,460,FullPilot12_2,6711e09a6906af2fa5b782bd
67858bcf2e9aa77b0e98dbb7,map,0.22622070312500003,0.0,99.81319397183192,random,460,FullPilot12_2,67858bcf2e9aa77b0e98dbb7
57d02ffb596f5d0001df741f,map,0.46282852087169885,6.507523283362389,48.106320705454216,combined,460,FullPilot12_2,57d02ffb596f5d0001df741f
668d3b9862f5a356423ded45,map,0.9999998092651367,0.8485984802246094,90.40838144693213,perceptual,460,FullPilot12_2,668d3b9862f5a356423ded45
650b03136ab3d4c832d98b71,map,0.7895515441894532,3.58184814453125,52.754602546803966,perceptual,460,FullPilot12_2,650b03136ab3d4c832d98b71
667ae31217cd77ff1091dcab,map,0.9178948700428009,2.320982590317726,60.555567010735544,perceptual,460,FullPilot12_2,667ae31217cd77ff1091dcab
62a0b34cbcc5987a8fa73c39,map,0.5138332398608327,5.841945558786392,43.49600993684457,combined,460,FullPilot12_2,62a0b34cbcc5987a8fa73c39
614f571879ee135c5a579e08,map,0.7296105027198792,2.373758554458618,66.01181406325662,perceptual,460,FullPilot12_2,614f571879ee135c5a579e08
66e9236f775eae67be04229d,map,0.8752141185104847,3.741578161716461,40.68735156127078,perceptual,459,FullPilot12_2,66e9236f775eae67be04229d
5ebe14249a676b1650b48531,map,0.999994659423828,2.5408935546875,64.2091690126277,perceptual,460,FullPilot12_2,5ebe14249a676b1650b48531
5e0e1f62814bba56ea1a86dd,map,0.9911033377051353,9.216321408748627,22.934626740622313,perceptual,460,FullPilot12_2,5e0e1f62814bba56ea1a86dd
646778f0d6b43cbeb4501454,map,0.1593085333704949,8.620896339416504,16.42098134784153,value,460,FullPilot12_2,646778f0d6b43cbeb4501454
617323e630f3fa36361cb35b,map,0.9999999999534338,7.381565514951944,25.56574015107617,perceptual,460,FullPilot12_2,617323e630f3fa36361cb35b
5e6ffb8536627f0c4bea9191,map,0.4863745225564344,4.199986591702327,60.08831070580234,combined,460,FullPilot12_2,5e6ffb8536627f0c4bea9191
5b16e1a5457ace0001b40d46,map,0.35006408691406254,7.464599609375,41.416974287174455,combined,460,FullPilot12_2,5b16e1a5457ace0001b40d46
63bc819194ca25a555eb8fb5,map,0.2913541525602341,3.4931159019470215,62.953873928520096,value,460,FullPilot12_2,63bc819194ca25a555eb8fb5
5fbae54831099083583afff0,map,0.7570251464843749,4.11865234375,62.85179151383611,perceptual,460,FullPilot12_2,5fbae54831099083583afff0
65cba5290b9dca9291cd76ac,map,0.9999998092651367,2.240447998046875,78.01933651610877,perceptual,460,FullPilot12_2,65cba5290b9dca9291cd76ac
648746670a6ffb0022fdb933,map,0.8391919431567658,8.535410680342466,29.708203793726618,perceptual,460,FullPilot12_2,648746670a6ffb0022fdb933
66f59c766e7e22e1f90d08f6,map,0.6555605728644878,2.219294849783182,73.11968145647457,combined,460,FullPilot12_2,66f59c766e7e22e1f90d08f6
5a53d878acc75b000179e52e,map,0.9999999970197677,3.1406834721565247,63.38963504456785,perceptual,460,FullPilot12_2,5a53d878acc75b000179e52e
5da8edc60f9c9c0017526948,map,0.14244995117187503,13.024368286132812,4.834609666293283,value,460,FullPilot12_2,5da8edc60f9c9c0017526948
5dd5e27fe25acf59990e1adf,map,0.4505002299323678,1.9119904935359955,86.6335776742754,combined,460,FullPilot12_2,5dd5e27fe25acf59990e1adf
5c747b0f181ad300113363ed,map,0.43670275900512934,2.472984343767166,76.5232903366646,combined,460,FullPilot12_2,5c747b0f181ad300113363ed
654bc148c95bca00d541ec33,map,0.8830067034810781,2.857150286436081,61.12333656747967,perceptual,460,FullPilot12_2,654bc148c95bca00d541ec33
66b68e2b2c21a7ed557cf866,map,0.5945871889591217,3.4976255893707275,59.41913519312286,combined,460,FullPilot12_2,66b68e2b2c21a7ed557cf866
5c9b1b5c441b4700179b17b2,map,0.7862721394514665,3.2292359927669168,58.13632405555157,perceptual,460,FullPilot12_2,5c9b1b5c441b4700179b17b2
61496cada4d62f06804fa610,map,0.6946216351622752,4.213416281345417,59.515581908326425,perceptual,460,FullPilot12_2,61496cada4d62f06804fa610
680e7ac23ca1dcd92920d90b,map,0.9999998092651367,0.6011962890625,97.47203407141551,random,460,FullPilot12_2,680e7ac23ca1dcd92920d90b
66881fbe723bc57d75a2c268,map,0.0054092407226563055,1.3458251953125,85.7936206875202,value,460,FullPilot12_2,66881fbe723bc57d75a2c268
63d152150ad28a2b24aa507a,map,0.409197998046875,3.5919189453125,65.19780502302089,combined,460,FullPilot12_2,63d152150ad28a2b24aa507a
678f6e1f6a3d68ee8c1533f5,map,0.4366691291332245,4.506263732910156,55.681601319549344,combined,460,FullPilot12_2,678f6e1f6a3d68ee8c1533f5
616b5241d8eb9504f10a5cb2,map,0.3254547119140625,2.90435791015625,74.44062298158337,value,460,FullPilot12_2,616b5241d8eb9504f10a5cb2
5f1b4845cbf55f3192e33b89,map,0.99998779296875,0.889892578125,93.82525925888027,random,460,FullPilot12_2,5f1b4845cbf55f3192e33b89
5c476621b521ee00019abf67,map,0.36622410762283836,7.7252589058480226,38.279819470868645,combined,460,FullPilot12_2,5c476621b521ee00019abf67
5d88db42c1d06e001a1fdcab,map,0.17953201048076156,2.282349094748497,76.27744170567888,value,460,FullPilot12_2,5d88db42c1d06e001a1fdcab
65707ef834f5c6af96da98ce,map,0.9049491882324219,1.72149658203125,76.89045697820092,perceptual,460,FullPilot12_2,65707ef834f5c6af96da98ce
66c1c5cb4b460dacc8290b9e,map,0.22223815917968753,3.18115234375,63.29843278616478,value,460,FullPilot12_2,66c1c5cb4b460dacc8290b9e
60dfd857e293a99dd577f4c8,map,0.40766109228134156,5.266934335231781,49.446330396105324,combined,460,FullPilot12_2,60dfd857e293a99dd577f4c8
62877d5f6a054e53313ac916,map,0.8955858966335654,3.8248980790376663,50.77352631635292,perceptual,460,FullPilot12_2,62877d5f6a054e53313ac916
63d15e1be853005ff591b935,map,0.4403858661651611,4.3256306648254395,61.50993162307666,combined,460,FullPilot12_2,63d15e1be853005ff591b935
5fadeb340e10471fdeb5fbf5,map,0.9999999970197677,0.5765175819396973,95.39175277334661,perceptual,460,FullPilot12_2,5fadeb340e10471fdeb5fbf5
678ff21fa8893f9d40bb501b,map,0.7654076213017106,2.6178422570228577,71.90867617200682,perceptual,460,FullPilot12_2,678ff21fa8893f9d40bb501b
66a11a89ba4d8204d085ef26,map,0.9999999986961483,2.2534970939159393,65.47869007924189,perceptual,460,FullPilot12_2,66a11a89ba4d8204d085ef26
5b5a822e1ad8270001c4f28d,map,0.8447526646777987,1.6211719810962677,84.96738859151208,perceptual,459,FullPilot12_2,5b5a822e1ad8270001c4f28d
5c2ab2de9136140001b90737,map,0.802783203125,0.0,99.81319397183192,random,460,FullPilot12_2,5c2ab2de9136140001b90737
607668ac450fc6e3025a131d,map,0.99998779296875,4.3896484375,48.71183521350961,perceptual,460,FullPilot12_2,607668ac450fc6e3025a131d
672fd24711f758e7a04ac043,map,0.9999999970197677,3.504791259765625,49.942404769808185,perceptual,460,FullPilot12_2,672fd24711f758e7a04ac043
666a595482c8935d66657089,map,0.9862432956695556,2.8274917602539062,55.66531565118679,perceptual,460,FullPilot12_2,666a595482c8935d66657089
67ddf7048bb4a1eb57c71031,map,0.999994659423828,0.85662841796875,90.3829799431941,perceptual,460,FullPilot12_2,67ddf7048bb4a1eb57c71031
662b24af863fd5cc1437384c,map,0.9736270138528198,7.138649648986757,24.23530646451342,perceptual,460,FullPilot12_2,662b24af863fd5cc1437384c
67414f166555ae3cdffa2efb,map,0.9999999999534338,1.3689317973330617,87.02054338573646,perceptual,460,FullPilot12_2,67414f166555ae3cdffa2efb
668c0bc95fadbd0e93071351,map,0.33026123046875,0.0,99.81319397183192,random,460,FullPilot12_2,668c0bc95fadbd0e93071351
610a1655e385fd7341e12778,map,0.9806016445159912,1.0357093811035156,88.39028151140135,perceptual,460,FullPilot12,610a1655e385fd7341e12778
66f6c4195f17d26ce8c8018d,map,0.9926836013793945,2.13897705078125,65.42879670865216,perceptual,460,FullPilot12,66f6c4195f17d26ce8c8018d
636590165e6fcc3e84ee2b6d,map,0.31466064453125,0.0,99.81319397183192,random,456,FullPilot12,636590165e6fcc3e84ee2b6d
660d619f39d061875f78ac8c,map,0.31004638671875,0.0,99.81319397183192,random,460,FullPilot12,660d619f39d061875f78ac8c
667ad18688c9319e6559bdc4,map,0.657922906242311,3.887410070747137,51.04785264125551,combined,460,FullPilot12,667ad18688c9319e6559bdc4
669ede47eb98d478aff45414,map,0.3002703015547013,5.3080785274505615,46.9032492259652,value,460,FullPilot12,669ede47eb98d478aff45414
60d7922fc3809c404939251c,map,0.9389133401797153,3.608313137665391,60.4040150581682,perceptual,460,FullPilot12,60d7922fc3809c404939251c
5a9353586219a30001d2f2af,map,4.6566195344155403e-11,0.24051696062088013,99.29869568826365,random,460,FullPilot12,5a9353586219a30001d2f2af
5d5b67ab9ad5a300181398dc,map,0.8777880580433702,2.988171298056841,54.71116395063161,perceptual,460,FullPilot12,5d5b67ab9ad5a300181398dc
6165e6f471254e3af05c5057,map,0.494826877117157,0.6671476364135742,97.7058464452104,random,460,FullPilot12,6165e6f471254e3af05c5057
66f7102d3196ce5e60b2c1bd,map,0.9466659337282181,2.6037395000457764,66.47612392857214,perceptual,460,FullPilot12,66f7102d3196ce5e60b2c1bd
66eeda2bc7d6e9b92b4a81c0,map,0.9695274204015731,5.697866380214691,36.21487537274387,perceptual,460,FullPilot12,66eeda2bc7d6e9b92b4a81c0
63626fe174f7db263a4aa8f2,map,1.2207031250044409e-05,0.355224609375,97.98241379742181,random,459,FullPilot12,63626fe174f7db263a4aa8f2
6167175ed1680ecefc063aed,map,0.826655883854255,3.7882195971906185,51.664802350443146,perceptual,460,FullPilot12,6167175ed1680ecefc063aed
66bb5ad727c62d0960db333c,map,0.879605902172625,1.9152068672701716,75.14464969122628,perceptual,460,FullPilot12,66bb5ad727c62d0960db333c
64db80772c860983ea3a7310,map,0.32938232421875,0.0,99.81319397183192,random,460,FullPilot12,64db80772c860983ea3a7310
657b6239aa8091bfa2b24ae0,map,0.9128978341817855,1.5052497386932373,86.80909779318259,perceptual,460,FullPilot12,657b6239aa8091bfa2b24ae0
66b104dedef80475efe58141,map,0.6966817736625671,2.0900309085845947,78.5973858301611,perceptual,460,FullPilot12,66b104dedef80475efe58141
66ba4608bc582e7db54007e5,map,0.9646392822265625,1.986083984375,73.28184873726374,perceptual,456,FullPilot13,66ba4608bc582e7db54007e5
615e5b5f1e8fbfe2c701bc8e,map,1.2207031250044409e-05,0.73974609375,96.02309804167356,value,460,FullPilot13,615e5b5f1e8fbfe2c701bc8e
66c34ed9630786ec5aece5bb,map,0.9999998092651367,0.23895263671875,98.9637816315963,random,460,FullPilot13,66c34ed9630786ec5aece5bb
6609e31201eebc9f6a2de74b,map,0.08491592407226567,6.3275146484375,40.19272862553065,value,454,FullPilot13,6609e31201eebc9f6a2de74b
665ba7a36d036dd09e9081c2,map,0.9060957722365856,4.817875027656555,46.30860209236618,perceptual,460,FullPilot13,665ba7a36d036dd09e9081c2
66f3fed9e931683984276fee,map,0.305322265625,0.0,99.81319397183192,random,459,FullPilot13,66f3fed9e931683984276fee
65c23e2e1a96e23b93afdea0,map,1.9073486334786338e-07,8.26324462890625,33.93816494583633,value,460,FullPilot13,65c23e2e1a96e23b93afdea0
66ae3fb9006e6fc44a2b56df,map,0.664594641327858,4.414992332458496,51.576785856736095,perceptual,460,FullPilot13,66ae3fb9006e6fc44a2b56df
5b6c312fa1fda800015fe165,map,0.32058188915252683,3.317826986312866,63.23274972270829,value,460,FullPilot13,5b6c312fa1fda800015fe165
6697dfc91b0e8c6d62d7b472,map,0.7093027472496032,0.8460760116577148,95.8571230258702,perceptual,460,FullPilot13,6697dfc91b0e8c6d62d7b472
66074f7cb655db9adfae591b,map,0.999994659423828,0.3802490234375,97.55720310091881,random,460,FullPilot13,66074f7cb655db9adfae591b
57027c1f68c641000e0c8970,map,0.9376875877380371,2.626650333404541,66.94552273127506,perceptual,460,FullPilot13,57027c1f68c641000e0c8970
655f7e55e36be4f00b49aa5e,map,0.08460693359375004,2.613525390625,74.50332507713254,value,460,FullPilot13,655f7e55e36be4f00b49aa5e
66b274c9c39e8e5057bcfaf6,map,0.6298583984375,0.0,99.81319397183192,random,460,FullPilot13,66b274c9c39e8e5057bcfaf6
5d09895e65eb3400189cc207,map,0.68511962890625,1.185302734375,87.23597891505659,perceptual,457,FullPilot13,5d09895e65eb3400189cc207
60c2a30e24e7f2ce0c8b56ca,map,0.8944459728896618,1.2871500849723816,85.698437342474,perceptual,460,FullPilot13,60c2a30e24e7f2ce0c8b56ca
66f73913e3459a85f0574823,map,0.9322915464639663,1.9835853576660156,67.28173504350875,perceptual,460,FullPilot13,66f73913e3459a85f0574823
6643670ad062f01ac1c4b788,map,0.39965465059503913,0.015260893851518631,99.81206365132333,random,460,FullPilot13,6643670ad062f01ac1c4b788
66d5df2e288343b20df362d4,map,1.2207031250044409e-05,0.2880859375,97.22458919292356,random,440,FullPilot13,66d5df2e288343b20df362d4
60da2baf34bde948982f84db,map,0.9527196878567338,0.8550284523516893,91.02350038820278,perceptual,460,FullPilot12,60da2baf34bde948982f84db
663a623d4ea504f754d08b02,map,0.999994659423828,5.1812744140625,44.15921968372458,perceptual,460,FullPilot12,663a623d4ea504f754d08b02
5ac560359534ba0001c74715,map,0.561892524547875,3.355407863855362,68.23125012846072,combined,460,FullPilot12,5ac560359534ba0001c74715
66abc79f0812c1f89a25adfb,map,0.0049478119239211305,23.913592025637627,12.353890163652968,value,460,FullPilot13,66abc79f0812c1f89a25adfb
63254db937c17e8e9200fd54,map,0.7800936192274093,3.676060438156128,52.75850357140837,perceptual,460,FullPilot13,63254db937c17e8e9200fd54
665c4e3dc160ab38d079635a,map,0.3317758269608021,0.3082996606826782,99.27966408313908,random,460,FullPilot12,665c4e3dc160ab38d079635a
663eea8e72f4269ddd149eba,map,0.9999999165534973,0.5166816711425781,96.22144172892816,perceptual,460,FullPilot12,663eea8e72f4269ddd149eba
5d44afdcad6d110019b0a960,map,0.9509328722953796,3.2084017992019653,59.23665076838089,perceptual,460,FullPilot12,5d44afdcad6d110019b0a960
66acee53fddf185342f15a88,map,0.6478973353281617,3.825417011976242,52.60204877600789,combined,460,FullPilot12,66acee53fddf185342f15a88
660c9c26e4220931438f3d30,map,0.671461658438784,5.13615500414744,44.55631010250547,perceptual,460,FullPilot12,660c9c26e4220931438f3d30
559c3a4dfdf99b32b6963e70,map,0.12416458129882818,4.908447265625,44.03750356135147,value,460,FullPilot13,559c3a4dfdf99b32b6963e70
669f45c902420af78b04a9b1,map,0.04313241671770818,2.0795274525880814,74.07482254337027,value,460,FullPilot12,669f45c902420af78b04a9b1
66f2f743ac55ce843124f2bf,map,0.30279541015625,0.0,99.81319397183192,random,460,FullPilot13,66f2f743ac55ce843124f2bf
5e8fe87009881f2ee83521fb,map,0.8995264053344726,6.4061737060546875,38.86507491903748,perceptual,459,FullPilot13,5e8fe87009881f2ee83521fb
6020606d7b0258677b881f63,map,0.061351671814918574,5.293790102005005,52.49740287389005,value,460,FullPilot13,6020606d7b0258677b881f63
6646aa536ff16adfd7903930,map,0.9370415374636649,4.647462964057922,46.789323371889864,perceptual,460,FullPilot13,6646aa536ff16adfd7903930
667ac1826ce22f03fab354c3,map,0.789451526501216,0.18566501792520285,99.57304937724538,random,460,FullPilot13,667ac1826ce22f03fab354c3
6637f4d0a76556e2a39063f4,map,0.9999999999796273,2.381270455662161,59.344073138977556,perceptual,460,FullPilot13,6637f4d0a76556e2a39063f4
63b18d94775ad4aad221103c,map,1.9073486334786338e-07,3.153228759765625,49.43777504156294,value,460,FullPilot13,63b18d94775ad4aad221103c
66ad3db205eb0c54c153a291,map,0.10418319702148443,3.64898681640625,62.445692270015535,value,460,FullPilot13,66ad3db205eb0c54c153a291
62b4ef82055cec7135502ada,map,0.3341064453125,0.0,99.81319397183192,random,460,FullPilot12,62b4ef82055cec7135502ada
58c42d725866f200017c5deb,map,0.8908330440521239,3.8538742065429688,50.81775582441009,perceptual,460,FullPilot12,58c42d725866f200017c5deb
5e2b3e22a8f85318c2429121,map,0.5275425281375646,1.0692067444324493,94.89911351522612,random,460,FullPilot12,5e2b3e22a8f85318c2429121
65e0ef2a74037d1530a40cca,map,0.37248992919921875,3.00872802734375,72.19475452510653,combined,460,FullPilot12,65e0ef2a74037d1530a40cca
65d54b3b524fcafb543d1b23,map,0.32476806640625,0.0,99.81319397183192,random,460,FullPilot13,65d54b3b524fcafb543d1b23
5e65c5b41e30883349a25a61,map,0.18636341746896506,5.450480282306671,51.2756117185985,value,460,FullPilot13,5e65c5b41e30883349a25a61
5a4245ef7aebf70001152ee6,map,0.9994914820417762,0.40335066616535187,94.03451083824073,random,455,FullPilot13,5a4245ef7aebf70001152ee6
6646731363eb9f583aa62e05,map,1.9073486334786338e-07,1.69189453125,79.46635472756134,value,460,FullPilot12,6646731363eb9f583aa62e05
660ea6b5ee7b4979153dc5b8,map,0.9999999165534973,1.7529773712158203,76.30911837274014,perceptual,460,FullPilot13,660ea6b5ee7b4979153dc5b8
664a7e1665f30b00d2685ba3,map,0.6855686165578391,1.4635007790820964,89.16992301015688,perceptual,460,FullPilot12,664a7e1665f30b00d2685ba3
66e7d7caa4a0195186f6692f,map,0.5258255422115325,0.2924191951751709,99.29779225115904,random,460,FullPilot13,66e7d7caa4a0195186f6692f
66463a2c0a36377060b1910c,map,0.7601735664356966,4.836255287518725,37.09951498612658,perceptual,460,FullPilot12,66463a2c0a36377060b1910c
6087ee3e8df094dc6dd69e8e,map,0.9999999986961483,0.36639466881752014,98.05318867600626,perceptual,460,FullPilot12,6087ee3e8df094dc6dd69e8e
5a580fb6eedc320001426cd7,map,0.904308596253395,5.919021368026733,34.07778867629952,perceptual,460,FullPilot12,5a580fb6eedc320001426cd7
66fd855cf4cfd7ee139e35fd,map,0.004465192442876353,4.950010338798165,45.26527644992151,value,460,FullPilot13,66fd855cf4cfd7ee139e35fd
650dcec4d9e0685d5035c13e,map,0.9999999165534973,1.1976003646850586,84.4305277780084,perceptual,460,FullPilot13,650dcec4d9e0685d5035c13e
59daff10e776fd00015ec7ec,map,0.49861029386520384,0.8874225616455078,94.6483116102404,combined,460,FullPilot13,59daff10e776fd00015ec7ec
66f09b3690fe3df51613a689,map,0.4741955667734146,5.353660583496094,48.986228739648894,combined,460,FullPilot12,66f09b3690fe3df51613a689
5d012b5ffade220017b10010,map,0.6229095458984375,5.645751953125,51.05996260762878,combined,460,FullPilot12,5d012b5ffade220017b10010
664218e510e790cd8414d32c,map,0.898578941822052,2.204453945159912,71.9471418462701,perceptual,460,FullPilot13,664218e510e790cd8414d32c
57bb618b8e26d6000196c3bb,map,0.8300254948437213,4.153715372085571,39.231958382120396,perceptual,460,FullPilot13,57bb618b8e26d6000196c3bb
65fb2b6d968812efd360f8f7,map,0.16412048339843754,7.542724609375,40.748905045427605,value,460,FullPilot13,65fb2b6d968812efd360f8f7
66feef40402fdd04d44aa7e0,map,0.5281936645507812,2.4981689453125,78.82143789268262,combined,412,FullPilot13,66feef40402fdd04d44aa7e0
5aef9ea244c9bc0001f4cf78,map,0.3424866318702698,4.273672103881836,58.933582959810984,combined,460,FullPilot13,5aef9ea244c9bc0001f4cf78
61363ce02e6022a741d63a6e,map,0.1711789312990732,1.1864882582449354,91.41417403781226,value,460,FullPilot12,61363ce02e6022a741d63a6e
632fc453431e3369da22be81,map,0.99998779296875,0.3857421875,97.32351205423215,perceptual,460,FullPilot12,632fc453431e3369da22be81
5d773df22fa4bf001a045aa9,map,0.622607421875,1.4892578125,86.70031177232588,combined,460,FullPilot12,5d773df22fa4bf001a045aa9
5a9416ba6475f900019fa690,map,0.9999999999534338,4.61196169257164,42.113710008653754,perceptual,460,FullPilot12,5a9416ba6475f900019fa690
5fd7782dee03dc08d3f3f491,map,0.17466735839843756,12.31719970703125,24.639210665499668,value,460,FullPilot13,5fd7782dee03dc08d3f3f491
5484a2b2fdf99b07b28f2335,map,0.7151158452033997,3.325589895248413,55.97754549166262,perceptual,460,FullPilot13,5484a2b2fdf99b07b28f2335
58e558cc728bea0001bbda24,map,0.9936548523139208,5.273183006793261,38.77174393551886,perceptual,460,FullPilot13,58e558cc728bea0001bbda24
66f3ce30fcb5b781b42e3ec4,map,0.999994659423828,0.24688720703125,99.05299791658558,random,460,FullPilot13,66f3ce30fcb5b781b42e3ec4
66f636a15a0ec8d9ef572bae,map,0.999994659423828,0.8001708984375,88.48983127008835,perceptual,460,FullPilot13,66f636a15a0ec8d9ef572bae
5de7ccc24b7cf973d7b05bfb,map,0.20336092971265318,2.020672857761383,80.49298787211207,value,460,FullPilot13,5de7ccc24b7cf973d7b05bfb
58c1ce3c3783090001b49355,map,0.2281850390136242,1.8768449127674103,86.36868787696675,value,460,FullPilot13,58c1ce3c3783090001b49355
6699628702676370f9e96d92,map,0.3649571035988629,4.9932643957436085,54.451562927661115,combined,460,FullPilot13,6699628702676370f9e96d92
66d9e6817a3bfbc48269c66d,map,0.09065040270797914,0.5489802546799183,97.01106195620606,value,460,FullPilot13,66d9e6817a3bfbc48269c66d
5ecc6fb87c7c7646490f3cf8,map,0.13470458984375006,6.708984375,42.69725272008625,value,460,FullPilot13,5ecc6fb87c7c7646490f3cf8
66ff98ad62f57f7204a560f7,map,1.9073486334786338e-07,10.738391876220703,12.981146984288845,value,460,FullPilot13,66ff98ad62f57f7204a560f7
66c7abc47de7196e9cac1014,map,0.08370728891914048,8.070866358393687,41.23150818594983,value,460,FullPilot13,66c7abc47de7196e9cac1014
66e58e209ba96e130b779a3a,map,0.5403980692848563,0.6218633055686951,97.98006418333753,combined,460,FullPilot13,66e58e209ba96e130b779a3a
66ff23b19b9e211878a17f7c,map,0.2890625,0.0,99.81319397183192,random,460,FullPilot13,66ff23b19b9e211878a17f7c
65c140b80efce0ed096216e3,map,0.999994659423828,0.286865234375,98.42218916928411,random,460,FullPilot13,65c140b80efce0ed096216e3
669628f0762cf2bfc381c161,map,0.9999999999534338,3.5173975536599755,48.75194559885202,perceptual,460,FullPilot12,669628f0762cf2bfc381c161
66d9b86591a5610c3492d5d9,map,0.6076415538787842,2.696056365966797,72.94823184025311,combined,460,FullPilot12,66d9b86591a5610c3492d5d9
5484d361fdf99b0379939d5b,map,0.4739593144506216,6.282778158783913,44.69959714394309,combined,460,FullPilot12,5484d361fdf99b0379939d5b
66fc60b6f59bcb7d6dba7d4f,map,0.9999999970197677,1.252644658088684,84.96264416741614,perceptual,460,FullPilot12,66fc60b6f59bcb7d6dba7d4f
5eea537ffd89d01283ffac22,map,0.29200134277343753,3.14208984375,72.29348384624764,value,460,FullPilot13,5eea537ffd89d01283ffac22
5d9cb58ee8783f0019c8bd06,map,0.9365565240848809,2.5120299495756626,57.633710233173076,perceptual,460,FullPilot12,5d9cb58ee8783f0019c8bd06
66ff78d78ef858fc026f7718,map,0.19143433142453437,6.327808722853661,45.529853668408016,value,460,FullPilot13,66ff78d78ef858fc026f7718
6150fb8383f88eae3e5c795a,map,0.862054443359375,0.75836181640625,94.74483341341276,perceptual,460,FullPilot12,6150fb8383f88eae3e5c795a
66e45c30d5be0907ea25a45b,map,0.6891845703125,0.0,99.81319397183192,random,460,FullPilot13,66e45c30d5be0907ea25a45b
62865e3456c142785cfad2a7,map,0.49627151489257815,2.149658203125,85.39632184591355,combined,458,FullPilot12,62865e3456c142785cfad2a7
65e20689e9a511366b03cc13,map,0.7814874174073339,1.0647252202033997,93.62546784068314,perceptual,463,FullPilot13,65e20689e9a511366b03cc13
63197f9b80d9c0d22597a837,map,0.830593580007553,1.6122019290924072,83.45569136383224,perceptual,460,FullPilot13,63197f9b80d9c0d22597a837
66eefcfef4a122e447c654d1,map,0.7170623779296874,4.114990234375,47.308855860897175,perceptual,460,FullPilot12,66eefcfef4a122e447c654d1
66cbc2627559d53c0e3e4ac4,map,0.20470423027873041,2.7363867312669754,71.3545053766876,value,460,FullPilot12,66cbc2627559d53c0e3e4ac4
668180f26a3b162091510589,map,0.3232574462890625,3.55743408203125,64.05601412311341,value,460,FullPilot12,668180f26a3b162091510589
661571d6cc16ee34676734df,map,0.9246833801269531,4.76226806640625,33.9622750967804,perceptual,460,FullPilot13,661571d6cc16ee34676734df
5ee738a018d5a84caa7e0f2a,map,0.6327821212938943,7.119429548401968,39.51060189402686,combined,460,FullPilot12,5ee738a018d5a84caa7e0f2a
66ffb576e0cde42ca9ea7fa7,map,0.999994659423828,1.26861572265625,79.02789869135461,perceptual,460,FullPilot12,66ffb576e0cde42ca9ea7fa7
663784abc88d62265def75ea,map,0.9198395248036831,5.388627951033413,39.139475730407405,perceptual,460,FullPilot12,663784abc88d62265def75ea
5da4152a3ab39a0011295a3e,map,0.36422223281115296,0.8959481120109558,95.90443903564062,combined,460,FullPilot12,5da4152a3ab39a0011295a3e
66182d2b06cbee83d298b517,map,0.97955322265625,9.720458984375,18.01036537431095,perceptual,460,FullPilot12,66182d2b06cbee83d298b517
66c7f746e43985cfcb2c99e6,map,0.5685496076475829,4.4236961379647255,53.893026428636844,combined,460,FullPilot12,66c7f746e43985cfcb2c99e6
66ee262c64a810b7ec1371e9,map,0.7909530989825726,3.7563488632440567,53.30748755266174,perceptual,460,FullPilot12,66ee262c64a810b7ec1371e9
628de7e8ff1744a9717d7883,map,0.7164185089670354,0.2778683922952041,99.5228386421964,random,460,FullPilot12,628de7e8ff1744a9717d7883
66e74251d30f3f96be79e2f0,map,0.03735885620117191,7.308349609375,14.536435874417243,value,460,FullPilot12,66e74251d30f3f96be79e2f0
